type,n,n.sig,prob.sig
Estimate,31,6,7.089388171828137e-4
Bootstrap,31,10,1.6228514976290853e-7
