Vals,Ests,BS
n,13,36
Mean,235.3846153846154,1087.5555555555557
LCI,122.98698808543611,587.4565607965056
UCI,347.78224268379466,1587.6545503146058
