Vals,Ests,BS
n,15,34
Mean,213.4,1147.2941176470588
LCI,112.15390488517596,624.51480768978
UCI,314.64609511482405,1670.0734276043377
