Vals,Ests,BS
n,13,36
Mean,223,1092.0277777777778
LCI,108.23942390506647,592.8407773107097
UCI,337.7605760949335,1591.214778244846
