type,n,n.sig,prob.sig
Estimate,49,2,0.44627438698665
Bootstrap,49,5,0.03465740596667566
