Vals,Ests,BS
n,4,26
Mean,558,409.38461538461536
LCI,-31.163415700601604,200.8982082017401
UCI,1147.1634157006015,617.8710225674906
