Vals,Ests,BS
n,4,26
Mean,101.5,479.61538461538464
LCI,51.83484789781337,262.00898858164464
UCI,151.16515210218662,697.2217806491246
