Vals,Ests,BS
n,5,25
Mean,527.4,409.56
LCI,35.49443010268726,194.88550042348606
UCI,1019.3055698973127,624.2344995765139
