type,n,n.sig,prob.sig
Estimate,31,11,1.4073074927622997e-8
Bootstrap,31,16,1.021405182655144e-14
