type,n,n.sig,prob.sig
Estimate,31,10,1.6228514976290853e-7
Bootstrap,31,16,1.021405182655144e-14
