type,n,n.sig,prob.sig
Estimate,31,10,1.6228514976290853e-7
Bootstrap,31,11,1.4073074927622997e-8
