Vals,Ests,BS
n,13,36
Mean,314.6923076923077,1058.9166666666667
LCI,117.96088564762294,557.0308199268152
UCI,511.4237297369924,1560.8025134065183
