Vals,Ests,BS
n,14,35
Mean,222.57142857142858,1117.0285714285715
LCI,115.53173212480831,605.875332738784
UCI,329.6111250180488,1628.181810118359
