Vals,Ests,BS
n,15,34
Mean,294.53333333333336,1111.5882352941176
LCI,121.838178638388,585.2878935434852
UCI,467.2284880282787,1637.88857704475
