Vals,Ests,BS
n,15,34
Mean,294.53333333333336,1111.5
LCI,121.838178638388,585.2581847879072
UCI,467.2284880282787,1637.7418152120927
