Vals,Ests,BS
n,21,28
Mean,704.8571428571429,978.8214285714286
LCI,-48.73983034980063,612.0753042767263
UCI,1458.4541160640865,1345.5675528661309
