Vals,Ests,BS
n,19,30
Mean,934.8421052631579,815
LCI,14.671146385898282,566.9679742814067
UCI,1855.0130641404176,1063.0320257185933
