Vals,Ests,BS
n,2,28
Mean,394.5,431.67857142857144
LCI,-245.43999999999983,226.3145875419664
UCI,1034.4399999999998,637.0425553151765
