type,n,n.sig,prob.sig
Estimate,31,9,1.6373481812603785e-6
Bootstrap,31,11,1.4073074927622997e-8
