type,n,n.sig,prob.sig
Estimate,31,8,1.4376528907122932e-5
Bootstrap,31,11,1.4073074927622997e-8
