Vals,Ests,BS
n,15,34
Mean,249.2,1131.5882352941176
LCI,136.71073267195663,605.9943525983724
UCI,361.68926732804334,1657.1821179898627
