Vals,Ests,BS
n,15,34
Mean,249.2,1131.5
LCI,136.71073267195663,605.9643316154602
UCI,361.68926732804334,1657.0356683845398
