Vals,Ests,BS
n,16,33
Mean,238.6875,1163.4242424242425
LCI,131.46506169415846,625.4859962366465
UCI,345.90993830584154,1701.3624886118384
