Vals,Ests,BS
n,15,34
Mean,321.93333333333334,1099.5
LCI,145.33666864103387,571.3135126495494
UCI,498.52999802563284,1627.6864873504505
