type,n,n.sig,prob.sig
Estimate,49,2,0.44627438698665
Bootstrap,49,7,0.0027991658573254252
