Vals,Ests,BS
n,6,24
Mean,160.16666666666666,496.3333333333333
LCI,80.33679194687407,261.6018841807836
UCI,239.99654138645923,731.064782485883
