type,n,n.sig,prob.sig
Estimate,31,10,1.6228514976290853e-7
Bootstrap,31,12,1.0720155874111015e-9
