Vals,Ests,BS
n,15,34
Mean,213.4,1147.3823529411766
LCI,112.15390488517596,624.5448320623949
UCI,314.64609511482405,1670.2198738199581
