Vals,Ests,BS
n,14,35
Mean,224.35714285714286,1116.2285714285715
LCI,118.07620238476886,604.9668259648724
UCI,330.63808332951686,1627.4903168922706
