Vals,Ests,BS
n,14,35
Mean,224.35714285714286,1116.3142857142857
LCI,118.07620238476886,604.9958307723236
UCI,330.63808332951686,1627.6327406562477
