Vals,Ests,BS
n,14,35
Mean,210,1122.057142857143
LCI,101.48008222521474,611.956733707544
UCI,318.51991777478526,1632.1575520067418
