type,n,n.sig,prob.sig
Estimate,49,1,0.7101241928633517
Bootstrap,49,3,0.22871402073743985
