Vals,Ests,BS
n,20,29
Mean,901.15,834.1034482758621
LCI,25.704994866700872,580.3081308398669
UCI,1776.595005133299,1087.8987657118573
