Vals,Ests,BS
n,5,25
Mean,132.8,488.36
LCI,60.38761498196598,262.6717836202047
UCI,205.21238501803404,714.0482163797953
