Vals,Ests,BS
n,16,33
Mean,785.8125,898.1515151515151
LCI,-197.01614398102652,573.3707289324693
UCI,1768.6411439810265,1222.932301370561
