Vals,Ests,BS
n,17,32
Mean,754.9411764705883,918.0625
LCI,-171.22158457079172,586.1414774420316
UCI,1681.1039375119683,1249.9835225579684
