Vals,Ests,BS
n,16,33
Mean,785.75,898.0909090909091
LCI,-196.95694960739263,573.3356258992703
UCI,1768.4569496073927,1222.846192282548
