Vals,Ests,BS
n,16,33
Mean,804.4375,889.1212121212121
LCI,-178.37597722389148,564.0013502290385
UCI,1787.2509772238914,1214.2410740133857
