Vals,Ests,BS
n,16,33
Mean,238.6875,1163.3333333333333
LCI,131.46506169415846,625.4548746006128
UCI,345.90993830584154,1701.2117920660537
