Vals,Ests,BS
n,6,24
Mean,160.16666666666666,496.4583333333333
LCI,80.33679194687407,261.64337012867134
UCI,239.99654138645923,731.2732965379953
