Vals,Ests,BS
n,17,32
Mean,789.3529411764706,899.6875
LCI,-134.7439591713911,565.3751363173376
UCI,1713.4498415243324,1233.9998636826624
