Vals,Ests,BS
n,15,34
Mean,820.8,879.4117647058823
LCI,-227.32733371984273,562.194506297141
UCI,1868.9273337198426,1196.6290231146236
