Vals,Ests,BS
n,5,25
Mean,112,492.64
LCI,68.37073459247796,267.7120339085718
UCI,155.62926540752204,717.5679660914282
