Vals,Ests,BS
n,4,26
Mean,101.5,479.5
LCI,51.83484789781337,261.9715076176138
UCI,151.16515210218662,697.0284923823863
