type,n,n.sig,prob.sig
Estimate,31,7,1.0908956821742422e-4
Bootstrap,31,12,1.0720155874111015e-9
