Vals,Ests,BS
n,3,27
Mean,738,394.8888888888889
LCI,-29.97575621456531,195.34177093961523
UCI,1505.9757562145653,594.4360068381626
