Vals,Ests,BS
n,4,26
Mean,620,399.84615384615387
LCI,29.75952403561257,192.71668048844023
UCI,1210.2404759643873,606.9756272038675
