type,n,n.sig,prob.sig
Estimate,31,8,1.4376528907122932e-5
Bootstrap,31,9,1.6373481812603785e-6
