Vals,Ests,BS
n,18,31
Mean,934.4444444444445,819
LCI,-38.25473949537081,579.0120648623916
UCI,1907.1436283842597,1058.9879351376082
