Vals,Ests,BS
n,20,29
Mean,919.2,821.6551724137931
LCI,45.71097348573289,565.2729182201801
UCI,1792.6890265142672,1078.0374266074061
