Vals,Ests,BS
n,5,25
Mean,608.4,393.36
LCI,166.01988044669093,177.10940397301405
UCI,1050.780119553309,609.610596026986
