type,n,n.sig,prob.sig
Estimate,31,9,1.6373481812603785e-6
Bootstrap,31,13,7.193423634532792e-11
