type,n,n.sig,prob.sig
Estimate,31,9,1.6373481812603785e-6
Bootstrap,31,15,2.227107387398064e-13
