type,n,n.sig,prob.sig
Estimate,31,10,1.6228514976290853e-7
Bootstrap,31,14,4.2594816562768756e-12
