type,n,n.sig,prob.sig
Estimate,31,9,1.6373481812603785e-6
Bootstrap,31,14,4.2594816562768756e-12
