type,n,n.sig,prob.sig
Estimate,31,10,1.6228514976290853e-7
Bootstrap,31,13,7.193423634532792e-11
